id;chapter;rank;h_1;h_2;content
1;Wisconsin Facilitator Incredible;30569;fuchsia eco-centric;Pants Maryland;calculating Intranet Ergonomic Concrete Soap
2;Director Concrete Bedfordshire;87737;program;Metal array France;redundant
3;Synergistic Personal Loan Account Sleek;518;Auto Loan Account olive;Yen;Unbranded Fresh Pants Tools California
4;North Dakota Garden;46559;Wallis and Futuna;generating;Computers Small Fresh Gloves back-end
5;interface;82786;composite Orchestrator Club;Intelligent Granite Shirt Peru deposit;Frozen Analyst card
6;redundant;27083;mindshare Gorgeous;Chips;navigating
7;Som Rustic Frozen Keyboard ROI;23978;Handmade Tuna;motivating Operations alarm;e-markets system
8;Organic;35597;hack;leading-edge;Ergonomic Steel Gloves
9;Developer Shoes Music;76336;online e-business;systems integrate;Web HTTP
10;implement;62585;Borders EXE payment;Checking Account;invoice Outdoors New York
